placeDcid,placeName,Date:sdg/AG_LND_FRSTN,Value:sdg/AG_LND_FRSTN,Source:sdg/AG_LND_FRSTN,Date:sdg/AG_LND_FRST,Value:sdg/AG_LND_FRST,Source:sdg/AG_LND_FRST,Date:sdg/AG_LND_TOTL,Value:sdg/AG_LND_TOTL,Source:sdg/AG_LND_TOTL
country/ALA,Åland Islands,,,,,,,2015,158,https://unstats.un.org/sdgs/dataportal
country/ALA,Åland Islands,,,,,,,2016,158,https://unstats.un.org/sdgs/dataportal
country/ALA,Åland Islands,,,,,,,2017,158,https://unstats.un.org/sdgs/dataportal
country/ALA,Åland Islands,,,,,,,2018,158,https://unstats.un.org/sdgs/dataportal
country/ALA,Åland Islands,,,,,,,2019,158,https://unstats.un.org/sdgs/dataportal
country/ALA,Åland Islands,,,,,,,2020,158,https://unstats.un.org/sdgs/dataportal
country/ALB,Albania,2015,789.19,https://unstats.un.org/sdgs/dataportal,2015,28.8,https://unstats.un.org/sdgs/dataportal,2015,2740,https://unstats.un.org/sdgs/dataportal
country/ALB,Albania,2016,789.18,https://unstats.un.org/sdgs/dataportal,2016,28.8,https://unstats.un.org/sdgs/dataportal,2016,2740,https://unstats.un.org/sdgs/dataportal
country/ALB,Albania,2017,788.9,https://unstats.un.org/sdgs/dataportal,2017,28.79,https://unstats.un.org/sdgs/dataportal,2017,2740,https://unstats.un.org/sdgs/dataportal
country/ALB,Albania,2018,788.9,https://unstats.un.org/sdgs/dataportal,2018,28.79,https://unstats.un.org/sdgs/dataportal,2018,2740,https://unstats.un.org/sdgs/dataportal
country/ALB,Albania,2019,788.9,https://unstats.un.org/sdgs/dataportal,2019,28.79,https://unstats.un.org/sdgs/dataportal,2019,2740,https://unstats.un.org/sdgs/dataportal
country/ALB,Albania,2020,788.9,https://unstats.un.org/sdgs/dataportal,2020,28.79,https://unstats.un.org/sdgs/dataportal,2020,2740,https://unstats.un.org/sdgs/dataportal
country/AND,Andorra,2015,16,https://unstats.un.org/sdgs/dataportal,2015,34.04,https://unstats.un.org/sdgs/dataportal,2015,47,https://unstats.un.org/sdgs/dataportal
country/AND,Andorra,2016,16,https://unstats.un.org/sdgs/dataportal,2016,34.04,https://unstats.un.org/sdgs/dataportal,2016,47,https://unstats.un.org/sdgs/dataportal
country/AND,Andorra,2017,16,https://unstats.un.org/sdgs/dataportal,2017,34.04,https://unstats.un.org/sdgs/dataportal,2017,47,https://unstats.un.org/sdgs/dataportal
country/AND,Andorra,2018,16,https://unstats.un.org/sdgs/dataportal,2018,34.04,https://unstats.un.org/sdgs/dataportal,2018,47,https://unstats.un.org/sdgs/dataportal
country/AND,Andorra,2019,16,https://unstats.un.org/sdgs/dataportal,2019,34.04,https://unstats.un.org/sdgs/dataportal,2019,47,https://unstats.un.org/sdgs/dataportal
country/AND,Andorra,2020,16,https://unstats.un.org/sdgs/dataportal,2020,34.04,https://unstats.un.org/sdgs/dataportal,2020,47,https://unstats.un.org/sdgs/dataportal
country/ARM,Armenia,2015,329.52,https://unstats.un.org/sdgs/dataportal,2015,11.57,https://unstats.un.org/sdgs/dataportal,2015,2847,https://unstats.un.org/sdgs/dataportal
country/ARM,Armenia,2016,329.31,https://unstats.un.org/sdgs/dataportal,2016,11.57,https://unstats.un.org/sdgs/dataportal,2016,2847,https://unstats.un.org/sdgs/dataportal
country/ARM,Armenia,2017,329.1,https://unstats.un.org/sdgs/dataportal,2017,11.56,https://unstats.un.org/sdgs/dataportal,2017,2847,https://unstats.un.org/sdgs/dataportal
country/ARM,Armenia,2018,328.89,https://unstats.un.org/sdgs/dataportal,2018,11.55,https://unstats.un.org/sdgs/dataportal,2018,2847,https://unstats.un.org/sdgs/dataportal
country/ARM,Armenia,2019,328.68,https://unstats.un.org/sdgs/dataportal,2019,11.54,https://unstats.un.org/sdgs/dataportal,2019,2847,https://unstats.un.org/sdgs/dataportal
country/ARM,Armenia,2020,328.47,https://unstats.un.org/sdgs/dataportal,2020,11.54,https://unstats.un.org/sdgs/dataportal,2020,2847,https://unstats.un.org/sdgs/dataportal
country/AUT,Austria,2015,3881.19,https://unstats.un.org/sdgs/dataportal,2015,47.03,https://unstats.un.org/sdgs/dataportal,2015,8252,https://unstats.un.org/sdgs/dataportal
country/AUT,Austria,2016,3884.79,https://unstats.un.org/sdgs/dataportal,2016,47.08,https://unstats.un.org/sdgs/dataportal,2016,8252,https://unstats.un.org/sdgs/dataportal
country/AUT,Austria,2017,3888.38,https://unstats.un.org/sdgs/dataportal,2017,47.12,https://unstats.un.org/sdgs/dataportal,2017,8252,https://unstats.un.org/sdgs/dataportal
country/AUT,Austria,2018,3891.97,https://unstats.un.org/sdgs/dataportal,2018,47.16,https://unstats.un.org/sdgs/dataportal,2018,8252,https://unstats.un.org/sdgs/dataportal
country/AUT,Austria,2019,3895.56,https://unstats.un.org/sdgs/dataportal,2019,47.21,https://unstats.un.org/sdgs/dataportal,2019,8252,https://unstats.un.org/sdgs/dataportal
country/AUT,Austria,2020,3899.15,https://unstats.un.org/sdgs/dataportal,2020,47.25,https://unstats.un.org/sdgs/dataportal,2020,8252,https://unstats.un.org/sdgs/dataportal
country/AZE,Azerbaijan,2015,1077.89,https://unstats.un.org/sdgs/dataportal,2015,13.04,https://unstats.un.org/sdgs/dataportal,2015,8266.3,https://unstats.un.org/sdgs/dataportal
country/AZE,Azerbaijan,2016,1087.48,https://unstats.un.org/sdgs/dataportal,2016,13.15,https://unstats.un.org/sdgs/dataportal,2016,8267,https://unstats.un.org/sdgs/dataportal
country/AZE,Azerbaijan,2017,1097.18,https://unstats.un.org/sdgs/dataportal,2017,13.27,https://unstats.un.org/sdgs/dataportal,2017,8266.2,https://unstats.un.org/sdgs/dataportal
country/AZE,Azerbaijan,2018,1108.71,https://unstats.un.org/sdgs/dataportal,2018,13.41,https://unstats.un.org/sdgs/dataportal,2018,8265.4,https://unstats.un.org/sdgs/dataportal
country/AZE,Azerbaijan,2019,1120.24,https://unstats.un.org/sdgs/dataportal,2019,13.55,https://unstats.un.org/sdgs/dataportal,2019,8265.4,https://unstats.un.org/sdgs/dataportal
country/AZE,Azerbaijan,2020,1131.77,https://unstats.un.org/sdgs/dataportal,2020,13.69,https://unstats.un.org/sdgs/dataportal,2020,8264.6,https://unstats.un.org/sdgs/dataportal
country/BEL,Belgium,2015,689.3,https://unstats.un.org/sdgs/dataportal,2015,22.76,https://unstats.un.org/sdgs/dataportal,2015,3028,https://unstats.un.org/sdgs/dataportal
country/BEL,Belgium,2016,689.3,https://unstats.un.org/sdgs/dataportal,2016,22.76,https://unstats.un.org/sdgs/dataportal,2016,3028,https://unstats.un.org/sdgs/dataportal
country/BEL,Belgium,2017,689.3,https://unstats.un.org/sdgs/dataportal,2017,22.76,https://unstats.un.org/sdgs/dataportal,2017,3028,https://unstats.un.org/sdgs/dataportal
country/BEL,Belgium,2018,689.3,https://unstats.un.org/sdgs/dataportal,2018,22.76,https://unstats.un.org/sdgs/dataportal,2018,3028,https://unstats.un.org/sdgs/dataportal
country/BEL,Belgium,2019,689.3,https://unstats.un.org/sdgs/dataportal,2019,22.76,https://unstats.un.org/sdgs/dataportal,2019,3028,https://unstats.un.org/sdgs/dataportal
country/BEL,Belgium,2020,689.3,https://unstats.un.org/sdgs/dataportal,2020,22.76,https://unstats.un.org/sdgs/dataportal,2020,3028,https://unstats.un.org/sdgs/dataportal
country/BGR,Bulgaria,2015,3833,https://unstats.un.org/sdgs/dataportal,2015,35.31,https://unstats.un.org/sdgs/dataportal,2015,10856,https://unstats.un.org/sdgs/dataportal
country/BGR,Bulgaria,2016,3841,https://unstats.un.org/sdgs/dataportal,2016,35.38,https://unstats.un.org/sdgs/dataportal,2016,10856,https://unstats.un.org/sdgs/dataportal
country/BGR,Bulgaria,2017,3854,https://unstats.un.org/sdgs/dataportal,2017,35.5,https://unstats.un.org/sdgs/dataportal,2017,10856,https://unstats.un.org/sdgs/dataportal
country/BGR,Bulgaria,2018,3867,https://unstats.un.org/sdgs/dataportal,2018,35.62,https://unstats.un.org/sdgs/dataportal,2018,10856,https://unstats.un.org/sdgs/dataportal
country/BGR,Bulgaria,2019,3880,https://unstats.un.org/sdgs/dataportal,2019,35.74,https://unstats.un.org/sdgs/dataportal,2019,10856,https://unstats.un.org/sdgs/dataportal
country/BGR,Bulgaria,2020,3893,https://unstats.un.org/sdgs/dataportal,2020,35.86,https://unstats.un.org/sdgs/dataportal,2020,10856,https://unstats.un.org/sdgs/dataportal
country/BIH,Bosnia and Herzegovina,2015,2160.5,https://unstats.un.org/sdgs/dataportal,2015,42.2,https://unstats.un.org/sdgs/dataportal,2015,5120,https://unstats.un.org/sdgs/dataportal
country/BIH,Bosnia and Herzegovina,2016,2176.51,https://unstats.un.org/sdgs/dataportal,2016,42.51,https://unstats.un.org/sdgs/dataportal,2016,5120,https://unstats.un.org/sdgs/dataportal
country/BIH,Bosnia and Herzegovina,2017,2187.91,https://unstats.un.org/sdgs/dataportal,2017,42.73,https://unstats.un.org/sdgs/dataportal,2017,5120,https://unstats.un.org/sdgs/dataportal
country/BIH,Bosnia and Herzegovina,2018,2187.91,https://unstats.un.org/sdgs/dataportal,2018,42.73,https://unstats.un.org/sdgs/dataportal,2018,5120,https://unstats.un.org/sdgs/dataportal
country/BIH,Bosnia and Herzegovina,2019,2187.91,https://unstats.un.org/sdgs/dataportal,2019,42.73,https://unstats.un.org/sdgs/dataportal,2019,5120,https://unstats.un.org/sdgs/dataportal
country/BIH,Bosnia and Herzegovina,2020,2187.91,https://unstats.un.org/sdgs/dataportal,2020,42.73,https://unstats.un.org/sdgs/dataportal,2020,5120,https://unstats.un.org/sdgs/dataportal
country/BLM,Saint Barthélemy,2015,0.17,https://unstats.un.org/sdgs/dataportal,2015,8.5,https://unstats.un.org/sdgs/dataportal,2015,2,https://unstats.un.org/sdgs/dataportal
country/BLM,Saint Barthélemy,2016,0.17,https://unstats.un.org/sdgs/dataportal,2016,8.5,https://unstats.un.org/sdgs/dataportal,2016,2,https://unstats.un.org/sdgs/dataportal
country/BLM,Saint Barthélemy,2017,0.17,https://unstats.un.org/sdgs/dataportal,2017,8.5,https://unstats.un.org/sdgs/dataportal,2017,2,https://unstats.un.org/sdgs/dataportal
country/BLM,Saint Barthélemy,2018,0.17,https://unstats.un.org/sdgs/dataportal,2018,8.5,https://unstats.un.org/sdgs/dataportal,2018,2,https://unstats.un.org/sdgs/dataportal
country/BLM,Saint Barthélemy,2019,0.17,https://unstats.un.org/sdgs/dataportal,2019,8.5,https://unstats.un.org/sdgs/dataportal,2019,2,https://unstats.un.org/sdgs/dataportal
country/BLM,Saint Barthélemy,2020,0.17,https://unstats.un.org/sdgs/dataportal,2020,8.5,https://unstats.un.org/sdgs/dataportal,2020,2,https://unstats.un.org/sdgs/dataportal
country/BLR,Belarus,2015,8633.5,https://unstats.un.org/sdgs/dataportal,2015,42.53,https://unstats.un.org/sdgs/dataportal,2015,20297.8,https://unstats.un.org/sdgs/dataportal
country/BLR,Belarus,2016,8709.6,https://unstats.un.org/sdgs/dataportal,2016,42.91,https://unstats.un.org/sdgs/dataportal,2016,20298.8,https://unstats.un.org/sdgs/dataportal
country/BLR,Belarus,2017,8724.1,https://unstats.un.org/sdgs/dataportal,2017,42.98,https://unstats.un.org/sdgs/dataportal,2017,20298.8,https://unstats.un.org/sdgs/dataportal
country/BLR,Belarus,2018,8738.6,https://unstats.un.org/sdgs/dataportal,2018,43.05,https://unstats.un.org/sdgs/dataportal,2018,20298,https://unstats.un.org/sdgs/dataportal
country/BLR,Belarus,2019,8753.1,https://unstats.un.org/sdgs/dataportal,2019,43.13,https://unstats.un.org/sdgs/dataportal,2019,20296.5,https://unstats.un.org/sdgs/dataportal
country/BLR,Belarus,2020,8767.6,https://unstats.un.org/sdgs/dataportal,2020,43.19,https://unstats.un.org/sdgs/dataportal,2020,20298,https://unstats.un.org/sdgs/dataportal
country/CHE,Switzerland,2015,1251.91,https://unstats.un.org/sdgs/dataportal,2015,31.68,https://unstats.un.org/sdgs/dataportal,2015,3951.6,https://unstats.un.org/sdgs/dataportal
country/CHE,Switzerland,2016,1255.35,https://unstats.un.org/sdgs/dataportal,2016,31.77,https://unstats.un.org/sdgs/dataportal,2016,3951.6,https://unstats.un.org/sdgs/dataportal
country/CHE,Switzerland,2017,1258.79,https://unstats.un.org/sdgs/dataportal,2017,31.86,https://unstats.un.org/sdgs/dataportal,2017,3951.6,https://unstats.un.org/sdgs/dataportal
country/CHE,Switzerland,2018,1262.23,https://unstats.un.org/sdgs/dataportal,2018,31.94,https://unstats.un.org/sdgs/dataportal,2018,3951.6,https://unstats.un.org/sdgs/dataportal
country/CHE,Switzerland,2019,1265.67,https://unstats.un.org/sdgs/dataportal,2019,32.03,https://unstats.un.org/sdgs/dataportal,2019,3951.6,https://unstats.un.org/sdgs/dataportal
country/CHE,Switzerland,2020,1269.11,https://unstats.un.org/sdgs/dataportal,2020,32.12,https://unstats.un.org/sdgs/dataportal,2020,3951.6,https://unstats.un.org/sdgs/dataportal
country/CYP,Cyprus,2015,172.71,https://unstats.un.org/sdgs/dataportal,2015,18.69,https://unstats.un.org/sdgs/dataportal,2015,924,https://unstats.un.org/sdgs/dataportal
country/CYP,Cyprus,2016,172.61,https://unstats.un.org/sdgs/dataportal,2016,18.68,https://unstats.un.org/sdgs/dataportal,2016,924,https://unstats.un.org/sdgs/dataportal
country/CYP,Cyprus,2017,172.59,https://unstats.un.org/sdgs/dataportal,2017,18.68,https://unstats.un.org/sdgs/dataportal,2017,924,https://unstats.un.org/sdgs/dataportal
country/CYP,Cyprus,2018,172.57,https://unstats.un.org/sdgs/dataportal,2018,18.68,https://unstats.un.org/sdgs/dataportal,2018,924,https://unstats.un.org/sdgs/dataportal
country/CYP,Cyprus,2019,172.55,https://unstats.un.org/sdgs/dataportal,2019,18.67,https://unstats.un.org/sdgs/dataportal,2019,924,https://unstats.un.org/sdgs/dataportal
country/CYP,Cyprus,2020,172.53,https://unstats.un.org/sdgs/dataportal,2020,18.67,https://unstats.un.org/sdgs/dataportal,2020,924,https://unstats.un.org/sdgs/dataportal
country/CZE,Czech Republic,2015,2668.39,https://unstats.un.org/sdgs/dataportal,2015,34.56,https://unstats.un.org/sdgs/dataportal,2015,7721,https://unstats.un.org/sdgs/dataportal
country/CZE,Czech Republic,2016,2669.85,https://unstats.un.org/sdgs/dataportal,2016,34.58,https://unstats.un.org/sdgs/dataportal,2016,7721,https://unstats.un.org/sdgs/dataportal
country/CZE,Czech Republic,2017,2671.66,https://unstats.un.org/sdgs/dataportal,2017,34.6,https://unstats.un.org/sdgs/dataportal,2017,7721,https://unstats.un.org/sdgs/dataportal
country/CZE,Czech Republic,2018,2673.47,https://unstats.un.org/sdgs/dataportal,2018,34.63,https://unstats.un.org/sdgs/dataportal,2018,7721,https://unstats.un.org/sdgs/dataportal
country/CZE,Czech Republic,2019,2675.28,https://unstats.un.org/sdgs/dataportal,2019,34.65,https://unstats.un.org/sdgs/dataportal,2019,7720.55,https://unstats.un.org/sdgs/dataportal
country/CZE,Czech Republic,2020,2677.09,https://unstats.un.org/sdgs/dataportal,2020,34.68,https://unstats.un.org/sdgs/dataportal,2020,7719.85,https://unstats.un.org/sdgs/dataportal
country/DEU,Germany,2015,11419,https://unstats.un.org/sdgs/dataportal,2015,32.73,https://unstats.un.org/sdgs/dataportal,2015,34886,https://unstats.un.org/sdgs/dataportal
country/DEU,Germany,2016,11419,https://unstats.un.org/sdgs/dataportal,2016,32.69,https://unstats.un.org/sdgs/dataportal,2016,34936,https://unstats.un.org/sdgs/dataportal
country/DEU,Germany,2017,11419,https://unstats.un.org/sdgs/dataportal,2017,32.68,https://unstats.un.org/sdgs/dataportal,2017,34937,https://unstats.un.org/sdgs/dataportal
country/DEU,Germany,2018,11419,https://unstats.un.org/sdgs/dataportal,2018,32.68,https://unstats.un.org/sdgs/dataportal,2018,34938,https://unstats.un.org/sdgs/dataportal
country/DEU,Germany,2019,11419,https://unstats.un.org/sdgs/dataportal,2019,32.68,https://unstats.un.org/sdgs/dataportal,2019,34939,https://unstats.un.org/sdgs/dataportal
country/DEU,Germany,2020,11419,https://unstats.un.org/sdgs/dataportal,2020,32.68,https://unstats.un.org/sdgs/dataportal,2020,34939,https://unstats.un.org/sdgs/dataportal
country/DNK,Denmark,2015,624.68,https://unstats.un.org/sdgs/dataportal,2015,15.62,https://unstats.un.org/sdgs/dataportal,2015,4000,https://unstats.un.org/sdgs/dataportal
country/DNK,Denmark,2016,624.66,https://unstats.un.org/sdgs/dataportal,2016,15.62,https://unstats.un.org/sdgs/dataportal,2016,4000,https://unstats.un.org/sdgs/dataportal
country/DNK,Denmark,2017,625.6,https://unstats.un.org/sdgs/dataportal,2017,15.64,https://unstats.un.org/sdgs/dataportal,2017,4000,https://unstats.un.org/sdgs/dataportal
country/DNK,Denmark,2018,626.56,https://unstats.un.org/sdgs/dataportal,2018,15.66,https://unstats.un.org/sdgs/dataportal,2018,4000,https://unstats.un.org/sdgs/dataportal
country/DNK,Denmark,2019,627.5,https://unstats.un.org/sdgs/dataportal,2019,15.69,https://unstats.un.org/sdgs/dataportal,2019,4000,https://unstats.un.org/sdgs/dataportal
country/DNK,Denmark,2020,628.44,https://unstats.un.org/sdgs/dataportal,2020,15.71,https://unstats.un.org/sdgs/dataportal,2020,4000,https://unstats.un.org/sdgs/dataportal
country/ESP,Spain,2015,18551.18,https://unstats.un.org/sdgs/dataportal,2015,37.13,https://unstats.un.org/sdgs/dataportal,2015,49966.1,https://unstats.un.org/sdgs/dataportal
country/ESP,Spain,2016,18555.24,https://unstats.un.org/sdgs/dataportal,2016,37.14,https://unstats.un.org/sdgs/dataportal,2016,49956.4,https://unstats.un.org/sdgs/dataportal
country/ESP,Spain,2017,18559.3,https://unstats.un.org/sdgs/dataportal,2017,37.15,https://unstats.un.org/sdgs/dataportal,2017,49954.74,https://unstats.un.org/sdgs/dataportal
country/ESP,Spain,2018,18563.59,https://unstats.un.org/sdgs/dataportal,2018,37.16,https://unstats.un.org/sdgs/dataportal,2018,49960.35,https://unstats.un.org/sdgs/dataportal
country/ESP,Spain,2019,18567.88,https://unstats.un.org/sdgs/dataportal,2019,37.17,https://unstats.un.org/sdgs/dataportal,2019,49957,https://unstats.un.org/sdgs/dataportal
country/ESP,Spain,2020,18572.17,https://unstats.un.org/sdgs/dataportal,2020,37.18,https://unstats.un.org/sdgs/dataportal,2020,49955.66,https://unstats.un.org/sdgs/dataportal
country/EST,Estonia,2015,2421.01,https://unstats.un.org/sdgs/dataportal,2015,55.69,https://unstats.un.org/sdgs/dataportal,2015,4347,https://unstats.un.org/sdgs/dataportal
country/EST,Estonia,2016,2421.25,https://unstats.un.org/sdgs/dataportal,2016,55.7,https://unstats.un.org/sdgs/dataportal,2016,4347,https://unstats.un.org/sdgs/dataportal
country/EST,Estonia,2017,2438.4,https://unstats.un.org/sdgs/dataportal,2017,57.04,https://unstats.un.org/sdgs/dataportal,2017,4275,https://unstats.un.org/sdgs/dataportal
country/EST,Estonia,2018,2438.4,https://unstats.un.org/sdgs/dataportal,2018,57.04,https://unstats.un.org/sdgs/dataportal,2018,4275,https://unstats.un.org/sdgs/dataportal
country/EST,Estonia,2019,2438.4,https://unstats.un.org/sdgs/dataportal,2019,57.04,https://unstats.un.org/sdgs/dataportal,2019,4275,https://unstats.un.org/sdgs/dataportal
country/EST,Estonia,2020,2438.4,https://unstats.un.org/sdgs/dataportal,2020,57.04,https://unstats.un.org/sdgs/dataportal,2020,4275,https://unstats.un.org/sdgs/dataportal
country/FIN,Finland,2015,22409,https://unstats.un.org/sdgs/dataportal,2015,73.74,https://unstats.un.org/sdgs/dataportal,2015,30391,https://unstats.un.org/sdgs/dataportal
country/FIN,Finland,2016,22409,https://unstats.un.org/sdgs/dataportal,2016,73.74,https://unstats.un.org/sdgs/dataportal,2016,30391,https://unstats.un.org/sdgs/dataportal
country/FIN,Finland,2017,22409,https://unstats.un.org/sdgs/dataportal,2017,73.73,https://unstats.un.org/sdgs/dataportal,2017,30392,https://unstats.un.org/sdgs/dataportal
country/FIN,Finland,2018,22409,https://unstats.un.org/sdgs/dataportal,2018,73.73,https://unstats.un.org/sdgs/dataportal,2018,30392,https://unstats.un.org/sdgs/dataportal
country/FIN,Finland,2019,22409,https://unstats.un.org/sdgs/dataportal,2019,73.73,https://unstats.un.org/sdgs/dataportal,2019,30393,https://unstats.un.org/sdgs/dataportal
country/FIN,Finland,2020,22409,https://unstats.un.org/sdgs/dataportal,2020,73.73,https://unstats.un.org/sdgs/dataportal,2020,30394,https://unstats.un.org/sdgs/dataportal
country/FRA,France,2015,16836,https://unstats.un.org/sdgs/dataportal,2015,30.75,https://unstats.un.org/sdgs/dataportal,2015,54755.7,https://unstats.un.org/sdgs/dataportal
country/FRA,France,2016,16919.4,https://unstats.un.org/sdgs/dataportal,2016,30.9,https://unstats.un.org/sdgs/dataportal,2016,54755.7,https://unstats.un.org/sdgs/dataportal
country/FRA,France,2017,17002.8,https://unstats.un.org/sdgs/dataportal,2017,31.05,https://unstats.un.org/sdgs/dataportal,2017,54755.7,https://unstats.un.org/sdgs/dataportal
country/FRA,France,2018,17086.2,https://unstats.un.org/sdgs/dataportal,2018,31.2,https://unstats.un.org/sdgs/dataportal,2018,54755.7,https://unstats.un.org/sdgs/dataportal
country/FRA,France,2019,17169.6,https://unstats.un.org/sdgs/dataportal,2019,31.36,https://unstats.un.org/sdgs/dataportal,2019,54755.7,https://unstats.un.org/sdgs/dataportal
country/FRA,France,2020,17253,https://unstats.un.org/sdgs/dataportal,2020,31.51,https://unstats.un.org/sdgs/dataportal,2020,54755.7,https://unstats.un.org/sdgs/dataportal
country/FRO,Faroe Islands,2015,0.08,https://unstats.un.org/sdgs/dataportal,2015,0.06,https://unstats.un.org/sdgs/dataportal,,,
country/FRO,Faroe Islands,2016,0.08,https://unstats.un.org/sdgs/dataportal,2016,0.06,https://unstats.un.org/sdgs/dataportal,,,
country/FRO,Faroe Islands,2017,0.08,https://unstats.un.org/sdgs/dataportal,2017,0.06,https://unstats.un.org/sdgs/dataportal,,,
country/FRO,Faroe Islands,2018,0.08,https://unstats.un.org/sdgs/dataportal,2018,0.06,https://unstats.un.org/sdgs/dataportal,,,
country/FRO,Faroe Islands,2019,0.08,https://unstats.un.org/sdgs/dataportal,2019,0.06,https://unstats.un.org/sdgs/dataportal,,,
country/FRO,Faroe Islands,2020,0.08,https://unstats.un.org/sdgs/dataportal,2020,0.06,https://unstats.un.org/sdgs/dataportal,2020,136.6,https://unstats.un.org/sdgs/dataportal
country/GBR,United Kingdom,2015,3155,https://unstats.un.org/sdgs/dataportal,2015,13.04,https://unstats.un.org/sdgs/dataportal,2015,24193,https://unstats.un.org/sdgs/dataportal
country/GBR,United Kingdom,2016,3159,https://unstats.un.org/sdgs/dataportal,2016,13.06,https://unstats.un.org/sdgs/dataportal,2016,24193,https://unstats.un.org/sdgs/dataportal
country/GBR,United Kingdom,2017,3164,https://unstats.un.org/sdgs/dataportal,2017,13.08,https://unstats.un.org/sdgs/dataportal,2017,24193,https://unstats.un.org/sdgs/dataportal
country/GBR,United Kingdom,2018,3173,https://unstats.un.org/sdgs/dataportal,2018,13.12,https://unstats.un.org/sdgs/dataportal,2018,24193,https://unstats.un.org/sdgs/dataportal
country/GBR,United Kingdom,2019,3182,https://unstats.un.org/sdgs/dataportal,2019,13.15,https://unstats.un.org/sdgs/dataportal,2019,24193,https://unstats.un.org/sdgs/dataportal
country/GBR,United Kingdom,2020,3190,https://unstats.un.org/sdgs/dataportal,2020,13.19,https://unstats.un.org/sdgs/dataportal,2020,24193,https://unstats.un.org/sdgs/dataportal
country/GEO,Georgia,2015,2822.4,https://unstats.un.org/sdgs/dataportal,2015,40.62,https://unstats.un.org/sdgs/dataportal,2015,6949,https://unstats.un.org/sdgs/dataportal
country/GEO,Georgia,2016,2822.4,https://unstats.un.org/sdgs/dataportal,2016,40.62,https://unstats.un.org/sdgs/dataportal,2016,6949,https://unstats.un.org/sdgs/dataportal
country/GEO,Georgia,2017,2822.4,https://unstats.un.org/sdgs/dataportal,2017,40.62,https://unstats.un.org/sdgs/dataportal,2017,6949,https://unstats.un.org/sdgs/dataportal
country/GEO,Georgia,2018,2822.4,https://unstats.un.org/sdgs/dataportal,2018,40.62,https://unstats.un.org/sdgs/dataportal,2018,6949,https://unstats.un.org/sdgs/dataportal
country/GEO,Georgia,2019,2822.4,https://unstats.un.org/sdgs/dataportal,2019,40.62,https://unstats.un.org/sdgs/dataportal,2019,6949,https://unstats.un.org/sdgs/dataportal
country/GEO,Georgia,2020,2822.4,https://unstats.un.org/sdgs/dataportal,2020,40.62,https://unstats.un.org/sdgs/dataportal,2020,6949,https://unstats.un.org/sdgs/dataportal
country/GGY,Guernsey,2015,0.42,https://unstats.un.org/sdgs/dataportal,2015,5.38,https://unstats.un.org/sdgs/dataportal,2015,7.8,https://unstats.un.org/sdgs/dataportal
country/GGY,Guernsey,2016,0.42,https://unstats.un.org/sdgs/dataportal,2016,5.38,https://unstats.un.org/sdgs/dataportal,2016,7.8,https://unstats.un.org/sdgs/dataportal
country/GGY,Guernsey,2017,0.42,https://unstats.un.org/sdgs/dataportal,2017,5.38,https://unstats.un.org/sdgs/dataportal,2017,7.8,https://unstats.un.org/sdgs/dataportal
country/GGY,Guernsey,2018,0.42,https://unstats.un.org/sdgs/dataportal,2018,5.38,https://unstats.un.org/sdgs/dataportal,2018,7.8,https://unstats.un.org/sdgs/dataportal
country/GGY,Guernsey,2019,0.42,https://unstats.un.org/sdgs/dataportal,2019,5.38,https://unstats.un.org/sdgs/dataportal,2019,7.8,https://unstats.un.org/sdgs/dataportal
country/GGY,Guernsey,2020,0.42,https://unstats.un.org/sdgs/dataportal,2020,5.38,https://unstats.un.org/sdgs/dataportal,2020,7.8,https://unstats.un.org/sdgs/dataportal
country/GIB,Gibraltar,2015,0,https://unstats.un.org/sdgs/dataportal,2015,0,https://unstats.un.org/sdgs/dataportal,2015,1,https://unstats.un.org/sdgs/dataportal
country/GIB,Gibraltar,2016,0,https://unstats.un.org/sdgs/dataportal,2016,0,https://unstats.un.org/sdgs/dataportal,2016,1,https://unstats.un.org/sdgs/dataportal
country/GIB,Gibraltar,2017,0,https://unstats.un.org/sdgs/dataportal,2017,0,https://unstats.un.org/sdgs/dataportal,2017,1,https://unstats.un.org/sdgs/dataportal
country/GIB,Gibraltar,2018,0,https://unstats.un.org/sdgs/dataportal,2018,0,https://unstats.un.org/sdgs/dataportal,2018,1,https://unstats.un.org/sdgs/dataportal
country/GIB,Gibraltar,2019,0,https://unstats.un.org/sdgs/dataportal,2019,0,https://unstats.un.org/sdgs/dataportal,2019,1,https://unstats.un.org/sdgs/dataportal
country/GIB,Gibraltar,2020,0,https://unstats.un.org/sdgs/dataportal,2020,0,https://unstats.un.org/sdgs/dataportal,2020,1,https://unstats.un.org/sdgs/dataportal
country/GLP,Guadeloupe,2015,72.22,https://unstats.un.org/sdgs/dataportal,2015,44.58,https://unstats.un.org/sdgs/dataportal,2015,162,https://unstats.un.org/sdgs/dataportal
country/GLP,Guadeloupe,2016,72.16,https://unstats.un.org/sdgs/dataportal,2016,44.54,https://unstats.un.org/sdgs/dataportal,2016,162,https://unstats.un.org/sdgs/dataportal
country/GLP,Guadeloupe,2017,72.1,https://unstats.un.org/sdgs/dataportal,2017,44.51,https://unstats.un.org/sdgs/dataportal,2017,162,https://unstats.un.org/sdgs/dataportal
country/GLP,Guadeloupe,2018,72.04,https://unstats.un.org/sdgs/dataportal,2018,44.47,https://unstats.un.org/sdgs/dataportal,2018,162,https://unstats.un.org/sdgs/dataportal
country/GLP,Guadeloupe,2019,71.98,https://unstats.un.org/sdgs/dataportal,2019,44.43,https://unstats.un.org/sdgs/dataportal,2019,162,https://unstats.un.org/sdgs/dataportal
country/GLP,Guadeloupe,2020,71.92,https://unstats.un.org/sdgs/dataportal,2020,44.4,https://unstats.un.org/sdgs/dataportal,2020,162,https://unstats.un.org/sdgs/dataportal
country/GRC,Greece,2015,3901.8,https://unstats.un.org/sdgs/dataportal,2015,30.27,https://unstats.un.org/sdgs/dataportal,2015,12890,https://unstats.un.org/sdgs/dataportal
country/GRC,Greece,2016,3901.8,https://unstats.un.org/sdgs/dataportal,2016,30.27,https://unstats.un.org/sdgs/dataportal,2016,12890,https://unstats.un.org/sdgs/dataportal
country/GRC,Greece,2017,3901.8,https://unstats.un.org/sdgs/dataportal,2017,30.27,https://unstats.un.org/sdgs/dataportal,2017,12890,https://unstats.un.org/sdgs/dataportal
country/GRC,Greece,2018,3901.8,https://unstats.un.org/sdgs/dataportal,2018,30.27,https://unstats.un.org/sdgs/dataportal,2018,12890,https://unstats.un.org/sdgs/dataportal
country/GRC,Greece,2019,3901.8,https://unstats.un.org/sdgs/dataportal,2019,30.27,https://unstats.un.org/sdgs/dataportal,2019,12890,https://unstats.un.org/sdgs/dataportal
country/GRC,Greece,2020,3901.8,https://unstats.un.org/sdgs/dataportal,2020,30.27,https://unstats.un.org/sdgs/dataportal,2020,12890,https://unstats.un.org/sdgs/dataportal
country/GUF,French Guiana,2015,8020,https://unstats.un.org/sdgs/dataportal,2015,96.85,https://unstats.un.org/sdgs/dataportal,,,
country/GUF,French Guiana,2016,8016.57,https://unstats.un.org/sdgs/dataportal,2016,96.81,https://unstats.un.org/sdgs/dataportal,2016,8281,https://unstats.un.org/sdgs/dataportal
country/GUF,French Guiana,2017,8013.14,https://unstats.un.org/sdgs/dataportal,2017,96.77,https://unstats.un.org/sdgs/dataportal,2017,8281,https://unstats.un.org/sdgs/dataportal
country/GUF,French Guiana,2018,8009.71,https://unstats.un.org/sdgs/dataportal,2018,96.72,https://unstats.un.org/sdgs/dataportal,2018,8281,https://unstats.un.org/sdgs/dataportal
country/GUF,French Guiana,2019,8006.28,https://unstats.un.org/sdgs/dataportal,2019,96.68,https://unstats.un.org/sdgs/dataportal,2019,8281,https://unstats.un.org/sdgs/dataportal
country/GUF,French Guiana,2020,8002.85,https://unstats.un.org/sdgs/dataportal,2020,96.64,https://unstats.un.org/sdgs/dataportal,2020,8281,https://unstats.un.org/sdgs/dataportal
country/HRV,Croatia,2015,1922,https://unstats.un.org/sdgs/dataportal,2015,34.34,https://unstats.un.org/sdgs/dataportal,2015,5596.4,https://unstats.un.org/sdgs/dataportal
country/HRV,Croatia,2016,1924.12,https://unstats.un.org/sdgs/dataportal,2016,34.38,https://unstats.un.org/sdgs/dataportal,2016,5596.4,https://unstats.un.org/sdgs/dataportal
country/HRV,Croatia,2017,1931.61,https://unstats.un.org/sdgs/dataportal,2017,34.52,https://unstats.un.org/sdgs/dataportal,2017,5596.4,https://unstats.un.org/sdgs/dataportal
country/HRV,Croatia,2018,1934.11,https://unstats.un.org/sdgs/dataportal,2018,34.56,https://unstats.un.org/sdgs/dataportal,2018,5596.4,https://unstats.un.org/sdgs/dataportal
country/HRV,Croatia,2019,1936.61,https://unstats.un.org/sdgs/dataportal,2019,34.6,https://unstats.un.org/sdgs/dataportal,2019,5596.4,https://unstats.un.org/sdgs/dataportal
country/HRV,Croatia,2020,1939.11,https://unstats.un.org/sdgs/dataportal,2020,34.65,https://unstats.un.org/sdgs/dataportal,2020,5596,https://unstats.un.org/sdgs/dataportal
country/HUN,Hungary,2015,2060.82,https://unstats.un.org/sdgs/dataportal,2015,22.58,https://unstats.un.org/sdgs/dataportal,2015,9126,https://unstats.un.org/sdgs/dataportal
country/HUN,Hungary,2016,2058.73,https://unstats.un.org/sdgs/dataportal,2016,22.56,https://unstats.un.org/sdgs/dataportal,2016,9126,https://unstats.un.org/sdgs/dataportal
country/HUN,Hungary,2017,2057.27,https://unstats.un.org/sdgs/dataportal,2017,22.54,https://unstats.un.org/sdgs/dataportal,2017,9126,https://unstats.un.org/sdgs/dataportal
country/HUN,Hungary,2018,2055.92,https://unstats.un.org/sdgs/dataportal,2018,22.53,https://unstats.un.org/sdgs/dataportal,2018,9126,https://unstats.un.org/sdgs/dataportal
country/HUN,Hungary,2019,2054.47,https://unstats.un.org/sdgs/dataportal,2019,22.51,https://unstats.un.org/sdgs/dataportal,2019,9126,https://unstats.un.org/sdgs/dataportal
country/HUN,Hungary,2020,2053.01,https://unstats.un.org/sdgs/dataportal,2020,22.5,https://unstats.un.org/sdgs/dataportal,2020,9126,https://unstats.un.org/sdgs/dataportal
country/IMN,Isle of Man,2015,3.46,https://unstats.un.org/sdgs/dataportal,2015,6.07,https://unstats.un.org/sdgs/dataportal,2015,57,https://unstats.un.org/sdgs/dataportal
country/IMN,Isle of Man,2016,3.46,https://unstats.un.org/sdgs/dataportal,2016,6.07,https://unstats.un.org/sdgs/dataportal,2016,57,https://unstats.un.org/sdgs/dataportal
country/IMN,Isle of Man,2017,3.46,https://unstats.un.org/sdgs/dataportal,2017,6.07,https://unstats.un.org/sdgs/dataportal,2017,57,https://unstats.un.org/sdgs/dataportal
country/IMN,Isle of Man,2018,3.46,https://unstats.un.org/sdgs/dataportal,2018,6.07,https://unstats.un.org/sdgs/dataportal,2018,57,https://unstats.un.org/sdgs/dataportal
country/IMN,Isle of Man,2019,3.46,https://unstats.un.org/sdgs/dataportal,2019,6.07,https://unstats.un.org/sdgs/dataportal,2019,57,https://unstats.un.org/sdgs/dataportal
country/IMN,Isle of Man,2020,3.46,https://unstats.un.org/sdgs/dataportal,2020,6.07,https://unstats.un.org/sdgs/dataportal,2020,57,https://unstats.un.org/sdgs/dataportal
country/IRL,Ireland,2015,754.67,https://unstats.un.org/sdgs/dataportal,2015,10.95,https://unstats.un.org/sdgs/dataportal,2015,6889,https://unstats.un.org/sdgs/dataportal
country/IRL,Ireland,2016,762.35,https://unstats.un.org/sdgs/dataportal,2016,11.07,https://unstats.un.org/sdgs/dataportal,2016,6889,https://unstats.un.org/sdgs/dataportal
country/IRL,Ireland,2017,770.02,https://unstats.un.org/sdgs/dataportal,2017,11.18,https://unstats.un.org/sdgs/dataportal,2017,6889,https://unstats.un.org/sdgs/dataportal
country/IRL,Ireland,2018,774.02,https://unstats.un.org/sdgs/dataportal,2018,11.24,https://unstats.un.org/sdgs/dataportal,2018,6889,https://unstats.un.org/sdgs/dataportal
country/IRL,Ireland,2019,778.02,https://unstats.un.org/sdgs/dataportal,2019,11.29,https://unstats.un.org/sdgs/dataportal,2019,6889,https://unstats.un.org/sdgs/dataportal
country/IRL,Ireland,2020,782.02,https://unstats.un.org/sdgs/dataportal,2020,11.35,https://unstats.un.org/sdgs/dataportal,2020,6889,https://unstats.un.org/sdgs/dataportal
country/ISL,Iceland,2015,48.16,https://unstats.un.org/sdgs/dataportal,2015,0.48,https://unstats.un.org/sdgs/dataportal,,,
country/ISL,Iceland,2016,48.66,https://unstats.un.org/sdgs/dataportal,2016,0.49,https://unstats.un.org/sdgs/dataportal,,,
country/ISL,Iceland,2017,49.38,https://unstats.un.org/sdgs/dataportal,2017,0.49,https://unstats.un.org/sdgs/dataportal,,,
country/ISL,Iceland,2018,50.04,https://unstats.un.org/sdgs/dataportal,2018,0.5,https://unstats.un.org/sdgs/dataportal,,,
country/ISL,Iceland,2019,50.69,https://unstats.un.org/sdgs/dataportal,2019,0.5,https://unstats.un.org/sdgs/dataportal,2019,10083,https://unstats.un.org/sdgs/dataportal
country/ISL,Iceland,2020,51.35,https://unstats.un.org/sdgs/dataportal,2020,0.51,https://unstats.un.org/sdgs/dataportal,2020,10083,https://unstats.un.org/sdgs/dataportal
country/ITA,Italy,2015,9297.08,https://unstats.un.org/sdgs/dataportal,2015,31.44,https://unstats.un.org/sdgs/dataportal,,,
country/ITA,Italy,2016,9350.89,https://unstats.un.org/sdgs/dataportal,2016,31.62,https://unstats.un.org/sdgs/dataportal,,,
country/ITA,Italy,2017,9404.7,https://unstats.un.org/sdgs/dataportal,2017,31.8,https://unstats.un.org/sdgs/dataportal,,,
country/ITA,Italy,2018,9458.51,https://unstats.un.org/sdgs/dataportal,2018,31.98,https://unstats.un.org/sdgs/dataportal,2018,29571.8,https://unstats.un.org/sdgs/dataportal
country/ITA,Italy,2019,9512.32,https://unstats.un.org/sdgs/dataportal,2019,32.17,https://unstats.un.org/sdgs/dataportal,2019,29571.7,https://unstats.un.org/sdgs/dataportal
country/ITA,Italy,2020,9566.13,https://unstats.un.org/sdgs/dataportal,2020,32.35,https://unstats.un.org/sdgs/dataportal,2020,29571.7,https://unstats.un.org/sdgs/dataportal
country/JEY,Jersey,2015,0.6,https://unstats.un.org/sdgs/dataportal,2015,5,https://unstats.un.org/sdgs/dataportal,2015,12,https://unstats.un.org/sdgs/dataportal
country/JEY,Jersey,2016,0.6,https://unstats.un.org/sdgs/dataportal,2016,5,https://unstats.un.org/sdgs/dataportal,2016,12,https://unstats.un.org/sdgs/dataportal
country/JEY,Jersey,2017,0.6,https://unstats.un.org/sdgs/dataportal,2017,5,https://unstats.un.org/sdgs/dataportal,2017,12,https://unstats.un.org/sdgs/dataportal
country/JEY,Jersey,2018,0.6,https://unstats.un.org/sdgs/dataportal,2018,5,https://unstats.un.org/sdgs/dataportal,2018,12,https://unstats.un.org/sdgs/dataportal
country/JEY,Jersey,2019,0.6,https://unstats.un.org/sdgs/dataportal,2019,5,https://unstats.un.org/sdgs/dataportal,2019,12,https://unstats.un.org/sdgs/dataportal
country/JEY,Jersey,2020,0.6,https://unstats.un.org/sdgs/dataportal,2020,5,https://unstats.un.org/sdgs/dataportal,2020,12,https://unstats.un.org/sdgs/dataportal
country/KAZ,Kazakhstan,2015,3308.46,https://unstats.un.org/sdgs/dataportal,2015,1.23,https://unstats.un.org/sdgs/dataportal,2015,269970,https://unstats.un.org/sdgs/dataportal
country/KAZ,Kazakhstan,2016,3337.71,https://unstats.un.org/sdgs/dataportal,2016,1.24,https://unstats.un.org/sdgs/dataportal,2016,269970,https://unstats.un.org/sdgs/dataportal
country/KAZ,Kazakhstan,2017,3366.96,https://unstats.un.org/sdgs/dataportal,2017,1.25,https://unstats.un.org/sdgs/dataportal,2017,269970,https://unstats.un.org/sdgs/dataportal
country/KAZ,Kazakhstan,2018,3396.2,https://unstats.un.org/sdgs/dataportal,2018,1.26,https://unstats.un.org/sdgs/dataportal,2018,269970,https://unstats.un.org/sdgs/dataportal
country/KAZ,Kazakhstan,2019,3425.44,https://unstats.un.org/sdgs/dataportal,2019,1.27,https://unstats.un.org/sdgs/dataportal,2019,269970,https://unstats.un.org/sdgs/dataportal
country/KAZ,Kazakhstan,2020,3454.68,https://unstats.un.org/sdgs/dataportal,2020,1.28,https://unstats.un.org/sdgs/dataportal,2020,269970,https://unstats.un.org/sdgs/dataportal
country/LIE,Liechtenstein,2015,6.7,https://unstats.un.org/sdgs/dataportal,2015,41.88,https://unstats.un.org/sdgs/dataportal,2015,16,https://unstats.un.org/sdgs/dataportal
country/LIE,Liechtenstein,2016,6.7,https://unstats.un.org/sdgs/dataportal,2016,41.88,https://unstats.un.org/sdgs/dataportal,2016,16,https://unstats.un.org/sdgs/dataportal
country/LIE,Liechtenstein,2017,6.7,https://unstats.un.org/sdgs/dataportal,2017,41.88,https://unstats.un.org/sdgs/dataportal,2017,16,https://unstats.un.org/sdgs/dataportal
country/LIE,Liechtenstein,2018,6.7,https://unstats.un.org/sdgs/dataportal,2018,41.88,https://unstats.un.org/sdgs/dataportal,2018,16,https://unstats.un.org/sdgs/dataportal
country/LIE,Liechtenstein,2019,6.7,https://unstats.un.org/sdgs/dataportal,2019,41.88,https://unstats.un.org/sdgs/dataportal,2019,16,https://unstats.un.org/sdgs/dataportal
country/LIE,Liechtenstein,2020,6.7,https://unstats.un.org/sdgs/dataportal,2020,41.88,https://unstats.un.org/sdgs/dataportal,2020,16,https://unstats.un.org/sdgs/dataportal
country/LTU,Lithuania,2015,2187,https://unstats.un.org/sdgs/dataportal,2015,34.91,https://unstats.un.org/sdgs/dataportal,2015,6265,https://unstats.un.org/sdgs/dataportal
country/LTU,Lithuania,2016,2190,https://unstats.un.org/sdgs/dataportal,2016,34.96,https://unstats.un.org/sdgs/dataportal,2016,6264.2,https://unstats.un.org/sdgs/dataportal
country/LTU,Lithuania,2017,2196,https://unstats.un.org/sdgs/dataportal,2017,35.06,https://unstats.un.org/sdgs/dataportal,2017,6264.1,https://unstats.un.org/sdgs/dataportal
country/LTU,Lithuania,2018,2198,https://unstats.un.org/sdgs/dataportal,2018,35.1,https://unstats.un.org/sdgs/dataportal,2018,6263,https://unstats.un.org/sdgs/dataportal
country/LTU,Lithuania,2019,2200,https://unstats.un.org/sdgs/dataportal,2019,35.13,https://unstats.un.org/sdgs/dataportal,2019,6262,https://unstats.un.org/sdgs/dataportal
country/LTU,Lithuania,2020,2201,https://unstats.un.org/sdgs/dataportal,2020,35.15,https://unstats.un.org/sdgs/dataportal,2020,6262,https://unstats.un.org/sdgs/dataportal
country/LUX,Luxembourg,2015,88.7,https://unstats.un.org/sdgs/dataportal,2015,34.45,https://unstats.un.org/sdgs/dataportal,2015,257.45,https://unstats.un.org/sdgs/dataportal
country/LUX,Luxembourg,2016,88.7,https://unstats.un.org/sdgs/dataportal,2016,34.45,https://unstats.un.org/sdgs/dataportal,2016,257.45,https://unstats.un.org/sdgs/dataportal
country/LUX,Luxembourg,2017,88.7,https://unstats.un.org/sdgs/dataportal,2017,34.45,https://unstats.un.org/sdgs/dataportal,2017,257.45,https://unstats.un.org/sdgs/dataportal
country/LUX,Luxembourg,2018,88.7,https://unstats.un.org/sdgs/dataportal,2018,34.45,https://unstats.un.org/sdgs/dataportal,2018,257.45,https://unstats.un.org/sdgs/dataportal
country/LUX,Luxembourg,2019,88.7,https://unstats.un.org/sdgs/dataportal,2019,34.45,https://unstats.un.org/sdgs/dataportal,2019,257.45,https://unstats.un.org/sdgs/dataportal
country/LUX,Luxembourg,2020,88.7,https://unstats.un.org/sdgs/dataportal,2020,34.45,https://unstats.un.org/sdgs/dataportal,2020,257.45,https://unstats.un.org/sdgs/dataportal
country/LVA,Latvia,2015,3391.44,https://unstats.un.org/sdgs/dataportal,2015,54.5,https://unstats.un.org/sdgs/dataportal,2015,6222.7,https://unstats.un.org/sdgs/dataportal
country/LVA,Latvia,2016,3395.31,https://unstats.un.org/sdgs/dataportal,2016,54.56,https://unstats.un.org/sdgs/dataportal,2016,6222.7,https://unstats.un.org/sdgs/dataportal
country/LVA,Latvia,2017,3399.18,https://unstats.un.org/sdgs/dataportal,2017,54.63,https://unstats.un.org/sdgs/dataportal,2017,6222.7,https://unstats.un.org/sdgs/dataportal
country/LVA,Latvia,2018,3403.05,https://unstats.un.org/sdgs/dataportal,2018,54.69,https://unstats.un.org/sdgs/dataportal,2018,6222.7,https://unstats.un.org/sdgs/dataportal
country/LVA,Latvia,2019,3406.92,https://unstats.un.org/sdgs/dataportal,2019,54.75,https://unstats.un.org/sdgs/dataportal,2019,6222.7,https://unstats.un.org/sdgs/dataportal
country/LVA,Latvia,2020,3410.79,https://unstats.un.org/sdgs/dataportal,2020,54.81,https://unstats.un.org/sdgs/dataportal,2020,6223,https://unstats.un.org/sdgs/dataportal
country/MAF,Saint Martin (French part),2015,1.24,https://unstats.un.org/sdgs/dataportal,2015,24.8,https://unstats.un.org/sdgs/dataportal,2015,5,https://unstats.un.org/sdgs/dataportal
country/MAF,Saint Martin (French part),2016,1.24,https://unstats.un.org/sdgs/dataportal,2016,24.8,https://unstats.un.org/sdgs/dataportal,2016,5,https://unstats.un.org/sdgs/dataportal
country/MAF,Saint Martin (French part),2017,1.24,https://unstats.un.org/sdgs/dataportal,2017,24.8,https://unstats.un.org/sdgs/dataportal,2017,5,https://unstats.un.org/sdgs/dataportal
country/MAF,Saint Martin (French part),2018,1.24,https://unstats.un.org/sdgs/dataportal,2018,24.8,https://unstats.un.org/sdgs/dataportal,2018,5,https://unstats.un.org/sdgs/dataportal
country/MAF,Saint Martin (French part),2019,1.24,https://unstats.un.org/sdgs/dataportal,2019,24.8,https://unstats.un.org/sdgs/dataportal,2019,5,https://unstats.un.org/sdgs/dataportal
country/MAF,Saint Martin (French part),2020,1.24,https://unstats.un.org/sdgs/dataportal,2020,24.8,https://unstats.un.org/sdgs/dataportal,2020,5,https://unstats.un.org/sdgs/dataportal
country/MCO,Monaco,2015,0,https://unstats.un.org/sdgs/dataportal,2015,0,https://unstats.un.org/sdgs/dataportal,,,
country/MCO,Monaco,2016,0,https://unstats.un.org/sdgs/dataportal,2016,0,https://unstats.un.org/sdgs/dataportal,,,
country/MCO,Monaco,2017,0,https://unstats.un.org/sdgs/dataportal,2017,0,https://unstats.un.org/sdgs/dataportal,,,
country/MCO,Monaco,2018,0,https://unstats.un.org/sdgs/dataportal,2018,0,https://unstats.un.org/sdgs/dataportal,,,
country/MCO,Monaco,2019,0,https://unstats.un.org/sdgs/dataportal,2019,0,https://unstats.un.org/sdgs/dataportal,2019,0.2,https://unstats.un.org/sdgs/dataportal
country/MCO,Monaco,2020,0,https://unstats.un.org/sdgs/dataportal,2020,0,https://unstats.un.org/sdgs/dataportal,2020,0.2,https://unstats.un.org/sdgs/dataportal
country/MDA,Moldova,2015,386.4,https://unstats.un.org/sdgs/dataportal,2015,11.75,https://unstats.un.org/sdgs/dataportal,,,
country/MDA,Moldova,2016,386.5,https://unstats.un.org/sdgs/dataportal,2016,11.75,https://unstats.un.org/sdgs/dataportal,,,
country/MDA,Moldova,2017,386.5,https://unstats.un.org/sdgs/dataportal,2017,11.75,https://unstats.un.org/sdgs/dataportal,,,
country/MDA,Moldova,2018,386.5,https://unstats.un.org/sdgs/dataportal,2018,11.75,https://unstats.un.org/sdgs/dataportal,2018,3288.53,https://unstats.un.org/sdgs/dataportal
country/MDA,Moldova,2019,386.5,https://unstats.un.org/sdgs/dataportal,2019,11.75,https://unstats.un.org/sdgs/dataportal,2019,3288.59,https://unstats.un.org/sdgs/dataportal
country/MDA,Moldova,2020,386.5,https://unstats.un.org/sdgs/dataportal,2020,11.75,https://unstats.un.org/sdgs/dataportal,2020,3288.46,https://unstats.un.org/sdgs/dataportal
country/MKD,Macedonia [FYROM],2015,994.4,https://unstats.un.org/sdgs/dataportal,2015,39.43,https://unstats.un.org/sdgs/dataportal,,,
country/MKD,Macedonia [FYROM],2016,1001.67,https://unstats.un.org/sdgs/dataportal,2016,39.72,https://unstats.un.org/sdgs/dataportal,,,
country/MKD,Macedonia [FYROM],2017,1001.49,https://unstats.un.org/sdgs/dataportal,2017,39.71,https://unstats.un.org/sdgs/dataportal,,,
country/MKD,Macedonia [FYROM],2018,1001.49,https://unstats.un.org/sdgs/dataportal,2018,39.71,https://unstats.un.org/sdgs/dataportal,,,
country/MKD,Macedonia [FYROM],2019,1001.49,https://unstats.un.org/sdgs/dataportal,2019,39.71,https://unstats.un.org/sdgs/dataportal,2019,2522,https://unstats.un.org/sdgs/dataportal
country/MKD,Macedonia [FYROM],2020,1001.49,https://unstats.un.org/sdgs/dataportal,2020,39.71,https://unstats.un.org/sdgs/dataportal,2020,2522,https://unstats.un.org/sdgs/dataportal
country/MLT,Malta,2015,0.35,https://unstats.un.org/sdgs/dataportal,2015,1.09,https://unstats.un.org/sdgs/dataportal,2015,32,https://unstats.un.org/sdgs/dataportal
country/MLT,Malta,2016,0.38,https://unstats.un.org/sdgs/dataportal,2016,1.19,https://unstats.un.org/sdgs/dataportal,2016,32,https://unstats.un.org/sdgs/dataportal
country/MLT,Malta,2017,0.42,https://unstats.un.org/sdgs/dataportal,2017,1.31,https://unstats.un.org/sdgs/dataportal,2017,32,https://unstats.un.org/sdgs/dataportal
country/MLT,Malta,2018,0.46,https://unstats.un.org/sdgs/dataportal,2018,1.44,https://unstats.un.org/sdgs/dataportal,2018,32,https://unstats.un.org/sdgs/dataportal
country/MLT,Malta,2019,0.46,https://unstats.un.org/sdgs/dataportal,2019,1.44,https://unstats.un.org/sdgs/dataportal,2019,32,https://unstats.un.org/sdgs/dataportal
country/MLT,Malta,2020,0.46,https://unstats.un.org/sdgs/dataportal,2020,1.44,https://unstats.un.org/sdgs/dataportal,2020,32,https://unstats.un.org/sdgs/dataportal
country/MNE,Montenegro,2015,827,https://unstats.un.org/sdgs/dataportal,2015,61.49,https://unstats.un.org/sdgs/dataportal,2015,1345,https://unstats.un.org/sdgs/dataportal
country/MNE,Montenegro,2016,827,https://unstats.un.org/sdgs/dataportal,2016,61.49,https://unstats.un.org/sdgs/dataportal,2016,1345,https://unstats.un.org/sdgs/dataportal
country/MNE,Montenegro,2017,827,https://unstats.un.org/sdgs/dataportal,2017,61.49,https://unstats.un.org/sdgs/dataportal,2017,1345,https://unstats.un.org/sdgs/dataportal
country/MNE,Montenegro,2018,827,https://unstats.un.org/sdgs/dataportal,2018,61.49,https://unstats.un.org/sdgs/dataportal,2018,1345,https://unstats.un.org/sdgs/dataportal
country/MNE,Montenegro,2019,827,https://unstats.un.org/sdgs/dataportal,2019,61.49,https://unstats.un.org/sdgs/dataportal,2019,1345,https://unstats.un.org/sdgs/dataportal
country/MNE,Montenegro,2020,827,https://unstats.un.org/sdgs/dataportal,2020,61.49,https://unstats.un.org/sdgs/dataportal,2020,1345,https://unstats.un.org/sdgs/dataportal
country/MTQ,Martinique,2015,51.29,https://unstats.un.org/sdgs/dataportal,2015,48.39,https://unstats.un.org/sdgs/dataportal,2015,106,https://unstats.un.org/sdgs/dataportal
country/MTQ,Martinique,2016,51.49,https://unstats.un.org/sdgs/dataportal,2016,48.58,https://unstats.un.org/sdgs/dataportal,2016,106,https://unstats.un.org/sdgs/dataportal
country/MTQ,Martinique,2017,51.69,https://unstats.un.org/sdgs/dataportal,2017,48.76,https://unstats.un.org/sdgs/dataportal,2017,106,https://unstats.un.org/sdgs/dataportal
country/MTQ,Martinique,2018,51.89,https://unstats.un.org/sdgs/dataportal,2018,48.95,https://unstats.un.org/sdgs/dataportal,2018,106,https://unstats.un.org/sdgs/dataportal
country/MTQ,Martinique,2019,52.09,https://unstats.un.org/sdgs/dataportal,2019,49.14,https://unstats.un.org/sdgs/dataportal,2019,106,https://unstats.un.org/sdgs/dataportal
country/MTQ,Martinique,2020,52.29,https://unstats.un.org/sdgs/dataportal,2020,49.33,https://unstats.un.org/sdgs/dataportal,2020,106,https://unstats.un.org/sdgs/dataportal
country/MYT,Mayotte,2015,14.14,https://unstats.un.org/sdgs/dataportal,2015,37.81,https://unstats.un.org/sdgs/dataportal,2015,37.4,https://unstats.un.org/sdgs/dataportal
country/MYT,Mayotte,2016,14.09,https://unstats.un.org/sdgs/dataportal,2016,37.66,https://unstats.un.org/sdgs/dataportal,2016,37.4,https://unstats.un.org/sdgs/dataportal
country/MYT,Mayotte,2017,14.04,https://unstats.un.org/sdgs/dataportal,2017,37.54,https://unstats.un.org/sdgs/dataportal,2017,37.4,https://unstats.un.org/sdgs/dataportal
country/MYT,Mayotte,2018,13.99,https://unstats.un.org/sdgs/dataportal,2018,37.41,https://unstats.un.org/sdgs/dataportal,2018,37.4,https://unstats.un.org/sdgs/dataportal
country/MYT,Mayotte,2019,13.94,https://unstats.un.org/sdgs/dataportal,2019,37.27,https://unstats.un.org/sdgs/dataportal,2019,37.4,https://unstats.un.org/sdgs/dataportal
country/MYT,Mayotte,2020,13.89,https://unstats.un.org/sdgs/dataportal,2020,37.14,https://unstats.un.org/sdgs/dataportal,2020,37.4,https://unstats.un.org/sdgs/dataportal
country/NLD,Netherlands,2015,364.83,https://unstats.un.org/sdgs/dataportal,2015,10.84,https://unstats.un.org/sdgs/dataportal,,,
country/NLD,Netherlands,2016,365.76,https://unstats.un.org/sdgs/dataportal,2016,10.86,https://unstats.un.org/sdgs/dataportal,2016,3367,https://unstats.un.org/sdgs/dataportal
country/NLD,Netherlands,2017,366.7,https://unstats.un.org/sdgs/dataportal,2017,10.89,https://unstats.un.org/sdgs/dataportal,2017,3367,https://unstats.un.org/sdgs/dataportal
country/NLD,Netherlands,2018,367.63,https://unstats.un.org/sdgs/dataportal,2018,10.92,https://unstats.un.org/sdgs/dataportal,2018,3367,https://unstats.un.org/sdgs/dataportal
country/NLD,Netherlands,2019,368.57,https://unstats.un.org/sdgs/dataportal,2019,10.95,https://unstats.un.org/sdgs/dataportal,2019,3367,https://unstats.un.org/sdgs/dataportal
country/NLD,Netherlands,2020,369.5,https://unstats.un.org/sdgs/dataportal,2020,10.97,https://unstats.un.org/sdgs/dataportal,2020,3367,https://unstats.un.org/sdgs/dataportal
country/NOR,Norway,2015,12141,https://unstats.un.org/sdgs/dataportal,2015,39.91,https://unstats.un.org/sdgs/dataportal,2015,30419.27,https://unstats.un.org/sdgs/dataportal
country/NOR,Norway,2016,12148.8,https://unstats.un.org/sdgs/dataportal,2016,39.94,https://unstats.un.org/sdgs/dataportal,2016,30414.77,https://unstats.un.org/sdgs/dataportal
country/NOR,Norway,2017,12156.6,https://unstats.un.org/sdgs/dataportal,2017,39.97,https://unstats.un.org/sdgs/dataportal,2017,30412.5,https://unstats.un.org/sdgs/dataportal
country/NOR,Norway,2018,12164.4,https://unstats.un.org/sdgs/dataportal,2018,40,https://unstats.un.org/sdgs/dataportal,2018,30411,https://unstats.un.org/sdgs/dataportal
country/NOR,Norway,2019,12172.2,https://unstats.un.org/sdgs/dataportal,2019,40.03,https://unstats.un.org/sdgs/dataportal,2019,30409.6,https://unstats.un.org/sdgs/dataportal
country/NOR,Norway,2020,12180,https://unstats.un.org/sdgs/dataportal,2020,40.16,https://unstats.un.org/sdgs/dataportal,2020,30328.7,https://unstats.un.org/sdgs/dataportal
country/POL,Poland,2015,9420,https://unstats.un.org/sdgs/dataportal,2015,30.77,https://unstats.un.org/sdgs/dataportal,2015,30619,https://unstats.un.org/sdgs/dataportal
country/POL,Poland,2016,9435,https://unstats.un.org/sdgs/dataportal,2016,30.81,https://unstats.un.org/sdgs/dataportal,2016,30619,https://unstats.un.org/sdgs/dataportal
country/POL,Poland,2017,9447,https://unstats.un.org/sdgs/dataportal,2017,30.85,https://unstats.un.org/sdgs/dataportal,2017,30619,https://unstats.un.org/sdgs/dataportal
country/POL,Poland,2018,9459,https://unstats.un.org/sdgs/dataportal,2018,30.89,https://unstats.un.org/sdgs/dataportal,2018,30617,https://unstats.un.org/sdgs/dataportal
country/POL,Poland,2019,9471,https://unstats.un.org/sdgs/dataportal,2019,30.94,https://unstats.un.org/sdgs/dataportal,2019,30611,https://unstats.un.org/sdgs/dataportal
country/POL,Poland,2020,9483,https://unstats.un.org/sdgs/dataportal,2020,30.98,https://unstats.un.org/sdgs/dataportal,2020,30613,https://unstats.un.org/sdgs/dataportal
country/PRT,Portugal,2015,3312,https://unstats.un.org/sdgs/dataportal,2015,36.15,https://unstats.un.org/sdgs/dataportal,2015,9160.56,https://unstats.un.org/sdgs/dataportal
country/PRT,Portugal,2016,3312,https://unstats.un.org/sdgs/dataportal,2016,36.15,https://unstats.un.org/sdgs/dataportal,2016,9160.56,https://unstats.un.org/sdgs/dataportal
country/PRT,Portugal,2017,3312,https://unstats.un.org/sdgs/dataportal,2017,36.15,https://unstats.un.org/sdgs/dataportal,2017,9160.56,https://unstats.un.org/sdgs/dataportal
country/PRT,Portugal,2018,3312,https://unstats.un.org/sdgs/dataportal,2018,36.15,https://unstats.un.org/sdgs/dataportal,2018,9160.56,https://unstats.un.org/sdgs/dataportal
country/PRT,Portugal,2019,3312,https://unstats.un.org/sdgs/dataportal,2019,36.15,https://unstats.un.org/sdgs/dataportal,2019,9160.56,https://unstats.un.org/sdgs/dataportal
country/PRT,Portugal,2020,3312,https://unstats.un.org/sdgs/dataportal,2020,36.15,https://unstats.un.org/sdgs/dataportal,2020,9160.56,https://unstats.un.org/sdgs/dataportal
country/PYF,French Polynesia,2015,149.46,https://unstats.un.org/sdgs/dataportal,2015,43.06,https://unstats.un.org/sdgs/dataportal,2015,347.1,https://unstats.un.org/sdgs/dataportal
country/PYF,French Polynesia,2016,149.46,https://unstats.un.org/sdgs/dataportal,2016,43.06,https://unstats.un.org/sdgs/dataportal,2016,347.1,https://unstats.un.org/sdgs/dataportal
country/PYF,French Polynesia,2017,149.46,https://unstats.un.org/sdgs/dataportal,2017,43.06,https://unstats.un.org/sdgs/dataportal,2017,347.1,https://unstats.un.org/sdgs/dataportal
country/PYF,French Polynesia,2018,149.46,https://unstats.un.org/sdgs/dataportal,2018,43.06,https://unstats.un.org/sdgs/dataportal,,,
country/PYF,French Polynesia,2019,149.46,https://unstats.un.org/sdgs/dataportal,2019,43.06,https://unstats.un.org/sdgs/dataportal,2019,347.1,https://unstats.un.org/sdgs/dataportal
country/PYF,French Polynesia,2020,149.46,https://unstats.un.org/sdgs/dataportal,2020,43.06,https://unstats.un.org/sdgs/dataportal,2020,347.1,https://unstats.un.org/sdgs/dataportal
country/REU,Réunion,2015,96.04,https://unstats.un.org/sdgs/dataportal,2015,38.26,https://unstats.un.org/sdgs/dataportal,2015,251,https://unstats.un.org/sdgs/dataportal
country/REU,Réunion,2016,96.52,https://unstats.un.org/sdgs/dataportal,2016,38.45,https://unstats.un.org/sdgs/dataportal,2016,251,https://unstats.un.org/sdgs/dataportal
country/REU,Réunion,2017,97,https://unstats.un.org/sdgs/dataportal,2017,38.65,https://unstats.un.org/sdgs/dataportal,2017,251,https://unstats.un.org/sdgs/dataportal
country/REU,Réunion,2018,97.48,https://unstats.un.org/sdgs/dataportal,2018,38.84,https://unstats.un.org/sdgs/dataportal,2018,251,https://unstats.un.org/sdgs/dataportal
country/REU,Réunion,2019,97.96,https://unstats.un.org/sdgs/dataportal,2019,39.03,https://unstats.un.org/sdgs/dataportal,2019,251,https://unstats.un.org/sdgs/dataportal
country/REU,Réunion,2020,98.44,https://unstats.un.org/sdgs/dataportal,2020,39.22,https://unstats.un.org/sdgs/dataportal,2020,251,https://unstats.un.org/sdgs/dataportal
country/ROU,Romania,2015,6900.96,https://unstats.un.org/sdgs/dataportal,2015,29.99,https://unstats.un.org/sdgs/dataportal,2015,23008,https://unstats.un.org/sdgs/dataportal
country/ROU,Romania,2016,6929.05,https://unstats.un.org/sdgs/dataportal,2016,30.12,https://unstats.un.org/sdgs/dataportal,2016,23008,https://unstats.un.org/sdgs/dataportal
country/ROU,Romania,2017,6929.05,https://unstats.un.org/sdgs/dataportal,2017,30.12,https://unstats.un.org/sdgs/dataportal,2017,23008,https://unstats.un.org/sdgs/dataportal
country/ROU,Romania,2018,6929.05,https://unstats.un.org/sdgs/dataportal,2018,30.12,https://unstats.un.org/sdgs/dataportal,2018,23008,https://unstats.un.org/sdgs/dataportal
country/ROU,Romania,2019,6929.05,https://unstats.un.org/sdgs/dataportal,2019,30.12,https://unstats.un.org/sdgs/dataportal,2019,23008,https://unstats.un.org/sdgs/dataportal
country/ROU,Romania,2020,6929.05,https://unstats.un.org/sdgs/dataportal,2020,30.12,https://unstats.un.org/sdgs/dataportal,2020,23008,https://unstats.un.org/sdgs/dataportal
country/RUS,Russia,2015,814930.46,https://unstats.un.org/sdgs/dataportal,2015,49.76,https://unstats.un.org/sdgs/dataportal,2015,1637687,https://unstats.un.org/sdgs/dataportal
country/RUS,Russia,2016,815121.03,https://unstats.un.org/sdgs/dataportal,2016,49.77,https://unstats.un.org/sdgs/dataportal,2016,1637687,https://unstats.un.org/sdgs/dataportal
country/RUS,Russia,2017,815311.6,https://unstats.un.org/sdgs/dataportal,2017,49.78,https://unstats.un.org/sdgs/dataportal,2017,1637687,https://unstats.un.org/sdgs/dataportal
country/RUS,Russia,2018,815311.6,https://unstats.un.org/sdgs/dataportal,2018,49.78,https://unstats.un.org/sdgs/dataportal,2018,1637687,https://unstats.un.org/sdgs/dataportal
country/RUS,Russia,2019,815311.6,https://unstats.un.org/sdgs/dataportal,2019,49.78,https://unstats.un.org/sdgs/dataportal,2019,1637687,https://unstats.un.org/sdgs/dataportal
country/RUS,Russia,2020,815311.6,https://unstats.un.org/sdgs/dataportal,2020,49.78,https://unstats.un.org/sdgs/dataportal,2020,1637687,https://unstats.un.org/sdgs/dataportal
country/SHN,Saint Helena,2015,2,https://unstats.un.org/sdgs/dataportal,2015,5.13,https://unstats.un.org/sdgs/dataportal,2015,39,https://unstats.un.org/sdgs/dataportal
country/SHN,Saint Helena,2016,2,https://unstats.un.org/sdgs/dataportal,2016,5.13,https://unstats.un.org/sdgs/dataportal,2016,39,https://unstats.un.org/sdgs/dataportal
country/SHN,Saint Helena,2017,2,https://unstats.un.org/sdgs/dataportal,2017,5.13,https://unstats.un.org/sdgs/dataportal,2017,39,https://unstats.un.org/sdgs/dataportal
country/SHN,Saint Helena,2018,2,https://unstats.un.org/sdgs/dataportal,2018,5.13,https://unstats.un.org/sdgs/dataportal,2018,39,https://unstats.un.org/sdgs/dataportal
country/SHN,Saint Helena,2019,2,https://unstats.un.org/sdgs/dataportal,2019,5.13,https://unstats.un.org/sdgs/dataportal,2019,39,https://unstats.un.org/sdgs/dataportal
country/SHN,Saint Helena,2020,2,https://unstats.un.org/sdgs/dataportal,2020,5.13,https://unstats.un.org/sdgs/dataportal,2020,39,https://unstats.un.org/sdgs/dataportal
country/SJM,Svalbard and Jan Mayen,2015,0,https://unstats.un.org/sdgs/dataportal,2015,0,https://unstats.un.org/sdgs/dataportal,2015,6099.8,https://unstats.un.org/sdgs/dataportal
country/SJM,Svalbard and Jan Mayen,2016,0,https://unstats.un.org/sdgs/dataportal,2016,0,https://unstats.un.org/sdgs/dataportal,2016,6099.8,https://unstats.un.org/sdgs/dataportal
country/SJM,Svalbard and Jan Mayen,2017,0,https://unstats.un.org/sdgs/dataportal,2017,0,https://unstats.un.org/sdgs/dataportal,2017,6099.8,https://unstats.un.org/sdgs/dataportal
country/SJM,Svalbard and Jan Mayen,2018,0,https://unstats.un.org/sdgs/dataportal,2018,0,https://unstats.un.org/sdgs/dataportal,2018,6099.8,https://unstats.un.org/sdgs/dataportal
country/SJM,Svalbard and Jan Mayen,2019,0,https://unstats.un.org/sdgs/dataportal,2019,0,https://unstats.un.org/sdgs/dataportal,2019,6099.8,https://unstats.un.org/sdgs/dataportal
country/SJM,Svalbard and Jan Mayen,2020,0,https://unstats.un.org/sdgs/dataportal,2020,0,https://unstats.un.org/sdgs/dataportal,2020,6099.8,https://unstats.un.org/sdgs/dataportal
country/SMR,San Marino,2015,1,https://unstats.un.org/sdgs/dataportal,2015,16.67,https://unstats.un.org/sdgs/dataportal,,,
country/SMR,San Marino,2016,1,https://unstats.un.org/sdgs/dataportal,2016,16.67,https://unstats.un.org/sdgs/dataportal,,,
country/SMR,San Marino,2017,1,https://unstats.un.org/sdgs/dataportal,2017,16.67,https://unstats.un.org/sdgs/dataportal,,,
country/SMR,San Marino,2018,1,https://unstats.un.org/sdgs/dataportal,2018,16.67,https://unstats.un.org/sdgs/dataportal,,,
country/SMR,San Marino,2019,1,https://unstats.un.org/sdgs/dataportal,2019,16.67,https://unstats.un.org/sdgs/dataportal,,,
country/SMR,San Marino,2020,1,https://unstats.un.org/sdgs/dataportal,2020,16.67,https://unstats.un.org/sdgs/dataportal,2020,6,https://unstats.un.org/sdgs/dataportal
country/SPM,Saint Pierre and Miquelon,2015,1.33,https://unstats.un.org/sdgs/dataportal,2015,5.78,https://unstats.un.org/sdgs/dataportal,2015,23,https://unstats.un.org/sdgs/dataportal
country/SPM,Saint Pierre and Miquelon,2016,1.31,https://unstats.un.org/sdgs/dataportal,2016,5.7,https://unstats.un.org/sdgs/dataportal,2016,23,https://unstats.un.org/sdgs/dataportal
country/SPM,Saint Pierre and Miquelon,2017,1.29,https://unstats.un.org/sdgs/dataportal,2017,5.61,https://unstats.un.org/sdgs/dataportal,2017,23,https://unstats.un.org/sdgs/dataportal
country/SPM,Saint Pierre and Miquelon,2018,1.26,https://unstats.un.org/sdgs/dataportal,2018,5.48,https://unstats.un.org/sdgs/dataportal,2018,23,https://unstats.un.org/sdgs/dataportal
country/SPM,Saint Pierre and Miquelon,2019,1.24,https://unstats.un.org/sdgs/dataportal,2019,5.39,https://unstats.un.org/sdgs/dataportal,2019,23,https://unstats.un.org/sdgs/dataportal
country/SPM,Saint Pierre and Miquelon,2020,1.22,https://unstats.un.org/sdgs/dataportal,2020,5.3,https://unstats.un.org/sdgs/dataportal,2020,23,https://unstats.un.org/sdgs/dataportal
country/SRB,Serbia,2015,2719.53,https://unstats.un.org/sdgs/dataportal,2015,31.09,https://unstats.un.org/sdgs/dataportal,2015,8746,https://unstats.un.org/sdgs/dataportal
country/SRB,Serbia,2016,2720.18,https://unstats.un.org/sdgs/dataportal,2016,31.1,https://unstats.un.org/sdgs/dataportal,2016,8746,https://unstats.un.org/sdgs/dataportal
country/SRB,Serbia,2017,2721.86,https://unstats.un.org/sdgs/dataportal,2017,31.12,https://unstats.un.org/sdgs/dataportal,2017,8746,https://unstats.un.org/sdgs/dataportal
country/SRB,Serbia,2018,2722,https://unstats.un.org/sdgs/dataportal,2018,31.12,https://unstats.un.org/sdgs/dataportal,2018,8746,https://unstats.un.org/sdgs/dataportal
country/SRB,Serbia,2019,2722.22,https://unstats.un.org/sdgs/dataportal,2019,31.13,https://unstats.un.org/sdgs/dataportal,2019,8746,https://unstats.un.org/sdgs/dataportal
country/SRB,Serbia,2020,2722.65,https://unstats.un.org/sdgs/dataportal,2020,31.13,https://unstats.un.org/sdgs/dataportal,2020,8746,https://unstats.un.org/sdgs/dataportal
country/SVK,Slovakia,2015,1921.75,https://unstats.un.org/sdgs/dataportal,2015,39.97,https://unstats.un.org/sdgs/dataportal,2015,4808.2,https://unstats.un.org/sdgs/dataportal
country/SVK,Slovakia,2016,1923.37,https://unstats.un.org/sdgs/dataportal,2016,40,https://unstats.un.org/sdgs/dataportal,2016,4808,https://unstats.un.org/sdgs/dataportal
country/SVK,Slovakia,2017,1925.9,https://unstats.un.org/sdgs/dataportal,2017,40.06,https://unstats.un.org/sdgs/dataportal,2017,4808,https://unstats.un.org/sdgs/dataportal
country/SVK,Slovakia,2018,1925.9,https://unstats.un.org/sdgs/dataportal,2018,40.06,https://unstats.un.org/sdgs/dataportal,2018,4808,https://unstats.un.org/sdgs/dataportal
country/SVK,Slovakia,2019,1925.9,https://unstats.un.org/sdgs/dataportal,2019,40.06,https://unstats.un.org/sdgs/dataportal,2019,4808,https://unstats.un.org/sdgs/dataportal
country/SVK,Slovakia,2020,1925.9,https://unstats.un.org/sdgs/dataportal,2020,40.06,https://unstats.un.org/sdgs/dataportal,2020,4808,https://unstats.un.org/sdgs/dataportal
country/SVN,Slovenia,2015,1248,https://unstats.un.org/sdgs/dataportal,2015,61.96,https://unstats.un.org/sdgs/dataportal,,,
country/SVN,Slovenia,2016,1245.97,https://unstats.un.org/sdgs/dataportal,2016,61.86,https://unstats.un.org/sdgs/dataportal,,,
country/SVN,Slovenia,2017,1243.93,https://unstats.un.org/sdgs/dataportal,2017,61.77,https://unstats.un.org/sdgs/dataportal,,,
country/SVN,Slovenia,2018,1241.9,https://unstats.un.org/sdgs/dataportal,2018,61.67,https://unstats.un.org/sdgs/dataportal,,,
country/SVN,Slovenia,2019,1239.86,https://unstats.un.org/sdgs/dataportal,2019,61.57,https://unstats.un.org/sdgs/dataportal,2019,2013.64,https://unstats.un.org/sdgs/dataportal
country/SVN,Slovenia,2020,1237.83,https://unstats.un.org/sdgs/dataportal,2020,61.47,https://unstats.un.org/sdgs/dataportal,2020,2013.64,https://unstats.un.org/sdgs/dataportal
country/SWE,Sweden,2015,27980,https://unstats.un.org/sdgs/dataportal,2015,68.69,https://unstats.un.org/sdgs/dataportal,2015,40731.06,https://unstats.un.org/sdgs/dataportal
country/SWE,Sweden,2016,27980,https://unstats.un.org/sdgs/dataportal,2016,68.69,https://unstats.un.org/sdgs/dataportal,2016,40731.06,https://unstats.un.org/sdgs/dataportal
country/SWE,Sweden,2017,27980,https://unstats.un.org/sdgs/dataportal,2017,68.69,https://unstats.un.org/sdgs/dataportal,2017,40731.06,https://unstats.un.org/sdgs/dataportal
country/SWE,Sweden,2018,27980,https://unstats.un.org/sdgs/dataportal,2018,68.69,https://unstats.un.org/sdgs/dataportal,2018,40731.06,https://unstats.un.org/sdgs/dataportal
country/SWE,Sweden,2019,27980,https://unstats.un.org/sdgs/dataportal,2019,68.7,https://unstats.un.org/sdgs/dataportal,2019,40728.36,https://unstats.un.org/sdgs/dataportal
country/SWE,Sweden,2020,27980,https://unstats.un.org/sdgs/dataportal,2020,68.7,https://unstats.un.org/sdgs/dataportal,2020,40728.35,https://unstats.un.org/sdgs/dataportal
country/TCA,Turks and Caicos Islands,2015,10.52,https://unstats.un.org/sdgs/dataportal,2015,11.07,https://unstats.un.org/sdgs/dataportal,2015,95,https://unstats.un.org/sdgs/dataportal
country/TCA,Turks and Caicos Islands,2016,10.52,https://unstats.un.org/sdgs/dataportal,2016,11.07,https://unstats.un.org/sdgs/dataportal,2016,95,https://unstats.un.org/sdgs/dataportal
country/TCA,Turks and Caicos Islands,2017,10.52,https://unstats.un.org/sdgs/dataportal,2017,11.07,https://unstats.un.org/sdgs/dataportal,2017,95,https://unstats.un.org/sdgs/dataportal
country/TCA,Turks and Caicos Islands,2018,10.52,https://unstats.un.org/sdgs/dataportal,2018,11.07,https://unstats.un.org/sdgs/dataportal,2018,95,https://unstats.un.org/sdgs/dataportal
country/TCA,Turks and Caicos Islands,2019,10.52,https://unstats.un.org/sdgs/dataportal,2019,11.07,https://unstats.un.org/sdgs/dataportal,2019,95,https://unstats.un.org/sdgs/dataportal
country/TCA,Turks and Caicos Islands,2020,10.52,https://unstats.un.org/sdgs/dataportal,2020,11.07,https://unstats.un.org/sdgs/dataportal,2020,95,https://unstats.un.org/sdgs/dataportal
country/TUR,Turkey,2015,21630.3,https://unstats.un.org/sdgs/dataportal,2015,28.1,https://unstats.un.org/sdgs/dataportal,2015,76963,https://unstats.un.org/sdgs/dataportal
country/TUR,Turkey,2016,21630.3,https://unstats.un.org/sdgs/dataportal,2016,28.1,https://unstats.un.org/sdgs/dataportal,2016,76963,https://unstats.un.org/sdgs/dataportal
country/TUR,Turkey,2017,21752.46,https://unstats.un.org/sdgs/dataportal,2017,28.26,https://unstats.un.org/sdgs/dataportal,2017,76963,https://unstats.un.org/sdgs/dataportal
country/TUR,Turkey,2018,21908.36,https://unstats.un.org/sdgs/dataportal,2018,28.47,https://unstats.un.org/sdgs/dataportal,2018,76963,https://unstats.un.org/sdgs/dataportal
country/TUR,Turkey,2019,22064.36,https://unstats.un.org/sdgs/dataportal,2019,28.67,https://unstats.un.org/sdgs/dataportal,2019,76963,https://unstats.un.org/sdgs/dataportal
country/TUR,Turkey,2020,22220.36,https://unstats.un.org/sdgs/dataportal,2020,28.87,https://unstats.un.org/sdgs/dataportal,2020,76963,https://unstats.un.org/sdgs/dataportal
country/UKR,Ukraine,2015,9657,https://unstats.un.org/sdgs/dataportal,2015,16.67,https://unstats.un.org/sdgs/dataportal,2015,57929,https://unstats.un.org/sdgs/dataportal
country/UKR,Ukraine,2016,9664,https://unstats.un.org/sdgs/dataportal,2016,16.68,https://unstats.un.org/sdgs/dataportal,2016,57929,https://unstats.un.org/sdgs/dataportal
country/UKR,Ukraine,2017,9671,https://unstats.un.org/sdgs/dataportal,2017,16.69,https://unstats.un.org/sdgs/dataportal,2017,57930,https://unstats.un.org/sdgs/dataportal
country/UKR,Ukraine,2018,9678,https://unstats.un.org/sdgs/dataportal,2018,16.7,https://unstats.un.org/sdgs/dataportal,2018,57940,https://unstats.un.org/sdgs/dataportal
country/UKR,Ukraine,2019,9684,https://unstats.un.org/sdgs/dataportal,2019,16.71,https://unstats.un.org/sdgs/dataportal,2019,57940,https://unstats.un.org/sdgs/dataportal
country/UKR,Ukraine,2020,9690,https://unstats.un.org/sdgs/dataportal,2020,16.72,https://unstats.un.org/sdgs/dataportal,2020,57940,https://unstats.un.org/sdgs/dataportal
country/VAT,Vatican City,2015,0,https://unstats.un.org/sdgs/dataportal,2015,0,https://unstats.un.org/sdgs/dataportal,2015,0.04,https://unstats.un.org/sdgs/dataportal
country/VAT,Vatican City,2016,0,https://unstats.un.org/sdgs/dataportal,2016,0,https://unstats.un.org/sdgs/dataportal,2016,0.04,https://unstats.un.org/sdgs/dataportal
country/VAT,Vatican City,2017,0,https://unstats.un.org/sdgs/dataportal,2017,0,https://unstats.un.org/sdgs/dataportal,2017,0.04,https://unstats.un.org/sdgs/dataportal
country/VAT,Vatican City,2018,0,https://unstats.un.org/sdgs/dataportal,2018,0,https://unstats.un.org/sdgs/dataportal,2018,0.04,https://unstats.un.org/sdgs/dataportal
country/VAT,Vatican City,2019,0,https://unstats.un.org/sdgs/dataportal,2019,0,https://unstats.un.org/sdgs/dataportal,2019,0.04,https://unstats.un.org/sdgs/dataportal
country/VAT,Vatican City,2020,0,https://unstats.un.org/sdgs/dataportal,2020,0,https://unstats.un.org/sdgs/dataportal,2020,0.04,https://unstats.un.org/sdgs/dataportal
country/WLF,Wallis and Futuna,2015,5.83,https://unstats.un.org/sdgs/dataportal,2015,41.64,https://unstats.un.org/sdgs/dataportal,2015,14,https://unstats.un.org/sdgs/dataportal
country/WLF,Wallis and Futuna,2016,5.83,https://unstats.un.org/sdgs/dataportal,2016,41.64,https://unstats.un.org/sdgs/dataportal,2016,14,https://unstats.un.org/sdgs/dataportal
country/WLF,Wallis and Futuna,2017,5.83,https://unstats.un.org/sdgs/dataportal,2017,41.64,https://unstats.un.org/sdgs/dataportal,2017,14,https://unstats.un.org/sdgs/dataportal
country/WLF,Wallis and Futuna,2018,5.83,https://unstats.un.org/sdgs/dataportal,2018,41.64,https://unstats.un.org/sdgs/dataportal,2018,14,https://unstats.un.org/sdgs/dataportal
country/WLF,Wallis and Futuna,2019,5.83,https://unstats.un.org/sdgs/dataportal,2019,41.64,https://unstats.un.org/sdgs/dataportal,2019,14,https://unstats.un.org/sdgs/dataportal
country/WLF,Wallis and Futuna,2020,5.83,https://unstats.un.org/sdgs/dataportal,2020,41.64,https://unstats.un.org/sdgs/dataportal,2020,14,https://unstats.un.org/sdgs/dataportal
